name,mass,distance,x,y,vx,vy,radius,color
SUN,1.9885e+30,0.0,0.0,0.0,0.0,0.0,696340000,YELLOW
MERCURY,3.3011e+23,57909000000.0,-37073000000.0,-44486000000.0,36776.81,-30648.19,2439400,WHITE
VENUS,4.8675e+24,108210000000.0,106880000000.0,16935000000.0,-5480.87,34589.74,6051800,WHITE
EARTH,5.9722e+24,149600000000.0,-23430000000.0,147750000000.0,-29417.59,-4664.84,6371000,WHITE
MARS,6.4171e+23,227940000000.0,38186000000.0,224720000000.0,-23788.87,4042.44,3389500,WHITE
JUPITER,1.8982e+27,778550000000.0,-66100000000.0,-775740000000.0,13009.23,-1108.51,69911000,WHITE
SATURN,5.6834e+26,1433500000000.0,-637120000000.0,-1284100000000.0,8619.45,-4276.52,58232000,WHITE
URANUS,8.681e+25,2872500000000.0,2238200000000.0,-1800500000000.0,4260.63,5296.24,25362000,WHITE
NEPTUNE,1.0241e+26,4495100000000.0,3841000000000.0,2335200000000.0,-2822.75,4642.98,24622000,WHITE
PLUTO,1.303e+22,5906400000000.0,-4757500000000.0,3491200000000.0,-2791.73,-3804.38,1188300,WHITE










