mass,x,y,vx,vy
8.195064673440155e+29,4.133933591307172e+16,9366272731482438.0,-46.67999825616924,-81.33403709394634
2.8938518265960737e+29,2.210852959140911e+16,5.5501227855042504e+16,-47.296251837294136,33.93704183069218
2.4876622406244577e+30,7.238297504271834e+16,3.89460657636286e+16,-66.85618660380172,35.98395173155936
3.496666654112888e+29,3.8019514161730536e+16,2.8756786705804492e+16,67.50080991872335,-48.71879372779204
4.601093372645229e+29,8.305508488444043e+16,3.785757617365095e+16,-88.96870896222791,-85.54093772382174
7.895467833985299e+29,1.879023008953994e+16,4.939544749970164e+16,-72.75200761541328,-69.20722207592299
4.922049056459171e+29,9.448358929991357e+16,5.615783626301805e+16,-88.91877681776981,-31.26542357443816
1.0225798114295854e+30,8238683758948950.0,4249148128991224.5,86.1528707202418,-36.903220122891646
4.270635079113475e+29,5.149775201647766e+16,3.1538634275789424e+16,-73.43169496262767,-45.854244280852384
5.606484169785587e+29,9.399193664195446e+16,7.429663630946456e+16,8.647468348279432,38.93812709510979
1.9988026007365894e+29,1.1289670495227618e+16,6.945894273323892e+16,99.56183915904651,-47.602594775571426
2.101883830598904e+30,4.098215975819425e+16,5.024204848753702e+16,10.45491366203683,12.760619456897189
1.9698870746874267e+30,1.2658081217945448e+16,3590828713599018.0,23.37354659707202,21.869965016862224
8.965785865411741e+29,6.199227694079118e+16,8.902740350471158e+16,17.745409551162766,-5.654419634240043
2.3668467895492599e+30,4.40289753497419e+16,9076563936037362.0,41.61673209433397,77.64418702752465
6.033284431624935e+29,7.40165549182423e+16,8105900492151491.0,-70.57994007243235,34.297055097232345
6.654421760330912e+29,5.2428958312297464e+16,4.891798427214179e+16,32.139967855802524,75.48568316268921
9.931948692434162e+29,6.813692608317781e+16,7.885405583319902e+16,57.41662940176391,70.82060331754153
4.1841233856124566e+29,4.838182532949071e+16,1.323167148366376e+16,15.3656728154602,-58.801697464086125
9.356962057208315e+29,2.4355557145452556e+16,5.765506117988789e+16,-10.64450437272157,-92.3073416461341
2.5354214476611737e+30,7.227437165190155e+16,3.2964334800246948e+16,14.252958709167956,69.2563085415855
1.270189161697967e+30,2.712464785996284e+16,4.843746620299405e+16,77.50546161431737,68.54380943178776
6.699956233395901e+29,5651701326699692.0,5.273996821610325e+16,3.1308965915263656,-65.78336396267113
7.952603079237055e+29,2.318391546871468e+16,5.931939130679858e+16,7.003972876597487,-67.73404955660789
2.931235275544105e+29,8.75345987623796e+16,5.265272097031491e+16,4.06168127486535,7.6498283070677076
7.465660262587517e+29,4.345896296334981e+16,5691956760330969.0,13.557597823179606,99.15812839262449
2.612480724950654e+29,1.917979429978651e+16,3.2762709360387588e+16,-30.683224620995063,-80.97243633287785
4.302837175840626e+29,3.4701660959372204e+16,5.4459595171761544e+16,-52.80092069001032,37.13887576964203
2.0628612461264663e+29,4.627275942938678e+16,3.6332008397539864e+16,-49.96916866144314,63.29198832043289
3.2736808993757934e+29,3.68496282204861e+16,6.155236825773955e+16,92.22231783204333,-87.69101733091176
2.4008366442925753e+29,7.184040967672866e+16,4.214696199856391e+16,-43.941922859108004,-81.38469168819455
3.580156405022644e+30,7.820993181115296e+16,4.1804003952884616e+16,-80.88228079400679,1.118991746720937
4.01541619427918e+29,2.411971704117991e+16,8.875406683024978e+16,-13.650151601852187,-25.85365426557709
1.4307363609603153e+30,1877736029822185.5,5.305859100009451e+16,-0.4667280903494202,-33.0771562590846
6.246246154639043e+29,2.0280228378042836e+16,1.9494599525038516e+16,27.977525602961478,94.00181178452101
4.15213289224974e+29,8.504845867346037e+16,2.2166720980069056e+16,96.00301640338805,-62.36878499482543
7.916368498086065e+30,8.403006833944354e+16,7.893224129539931e+16,-83.28290490356905,11.137496729937581
2.651794767457113e+29,7.209417243290229e+16,2560670112469496.0,-26.189437733979815,-43.737353648950815
9.196410641299603e+29,1347025164120433.5,4.841481980207709e+16,65.81036734106144,1.2841185702777693
3.915958368450688e+29,1.1864974766807886e+16,5.735797325092262e+16,-62.23831079131641,73.57583493796679
3.872190367312129e+30,7.632126545305904e+16,4.0791511732510744e+16,-90.38697776772275,99.67722069941215
2.6386323528469115e+29,5677880160338916.0,9450288718773342.0,-66.8071192946715,52.693369605066096
1.8013045561024229e+30,6.528418565455324e+16,2.5518621445827844e+16,-48.22928650480047,97.11729227123516
1.8872632222858694e+29,6.767026903032168e+16,1.9670069548913484e+16,-84.09515829019887,-23.49139432137899
4.212538790309518e+29,3.0272428549300756e+16,5.9395217127267576e+16,-90.91788828725736,6.2261154765322
2.2428027106802978e+29,3.155922238958286e+16,2.524530284456687e+16,-86.00593671504527,-88.17255692573877
2.028997315170618e+29,1.3852753969700966e+16,7.0451949784415656e+16,34.98127243628534,-30.709306697593647
1.9569711838859165e+30,2.6648255773907144e+16,2.359750881517034e+16,-89.28394234212449,-74.03994658238746
6.726242414065563e+29,4959039379599879.0,8.323542665256107e+16,-47.200731890221604,-94.86429687326074
3.6035894314343643e+30,8.603798003988525e+16,8.020203209250029e+16,-6.520897384759408,80.3990828554856
2.369097378297301e+29,5.302495799457132e+16,3.079658494693516e+16,83.38375659752836,43.98112842099897
1.0428352595854071e+30,4.659264654347866e+16,8.298409457860904e+16,-17.415318003620854,-98.69988085303747
5.939769075306035e+29,5.539965913736482e+16,6.156288159967824e+16,-70.91436765710031,39.314223225298036
3.020827757105924e+29,7.44078970061791e+16,4.080305066934431e+16,85.59282332199331,-42.97561258736879
1.9369176895895768e+30,6393768491493406.0,1.6078940755874274e+16,-43.654655696160404,78.2481172198994
3.697349524168251e+29,5391215010356913.0,1.6397294745536224e+16,-30.940189219615434,-44.06554205577253
6.863463734062961e+29,1.5418117716243898e+16,4.214277443687323e+16,-35.33493316434519,42.39964218121884
1.6639690295718115e+30,5.223129501207488e+16,2.122943590886679e+16,84.59053100506577,64.86204073197109
1.4223189194343213e+30,2.6344464729263296e+16,1.5845982391660728e+16,27.738135516848033,96.17146182960005
2.288264238275808e+29,8.664640457241446e+16,3.0676766528301572e+16,35.14016824142658,26.57334578604285
9.675933209684856e+29,5.9982870432205976e+16,2.485789145455377e+16,26.404923913746003,-3.1398945968871743
1.4458133974528093e+30,8.961014237837989e+16,9281723982124190.0,-95.27307309095583,71.86626545077138
2.957669502738162e+30,8.702573483925571e+16,7.759921466720947e+16,-48.94215810075997,-6.765469660196928
6.533231964054126e+29,6.177951952171521e+16,4.8736042292354904e+16,61.70207560336661,-48.49764144573958
1.7362383402170095e+29,6.778375193667324e+16,8.648839687892642e+16,-33.95938492251369,-19.086467437754507
1.0065459801770953e+30,9.40054972878236e+16,3.1300988885707804e+16,90.77778639011564,-24.517568330900147
1.1435908490682704e+30,6.543607526938582e+16,2.7242630495304164e+16,74.13737253992602,-69.57415242900251
4.99142578620794e+29,2.52755109133998e+16,8.006074422562512e+16,-98.03220200842748,46.01853903292397
1.0509574245653801e+30,4.592491731125509e+16,2.0163290285892876e+16,-13.69530884187644,76.00478734579053
1.7805279872542604e+30,8.201360515295613e+16,5.1555757959734056e+16,-70.69051832004361,79.63554207881742
4.555119150294029e+29,6.414214438019427e+16,3.733608063428269e+16,-16.835177145562128,-83.42132953240282
1.783142087542104e+30,2.928474545493996e+16,7.652816695828614e+16,17.410518470454917,-48.3115890046101
2.1471495065465232e+29,4.119886745037761e+16,1.6069564082437936e+16,3.457428692616915,-40.462932390466676
2.3504256520092627e+29,4.3003552197262344e+16,4.964506542643992e+16,48.943224933963165,20.573434319920935
7.435665139950226e+29,9820413315361626.0,9958750387632742.0,-12.538666111937275,-23.665439567053596
1.6194606465182822e+30,5.5998533729319096e+16,2.359370691961874e+16,72.6425930815148,34.9789134503211
2.0810719589222002e+29,6.86757998314777e+16,3.966451313483112e+16,29.281730559020843,61.41351038619197
8.297137531079224e+29,1.095300931088679e+16,8.35726996000341e+16,-53.58705419164023,-21.262215584250967
5.1585523782146036e+29,8.795455861074195e+16,2.2766814165358304e+16,25.610798885377477,-34.16534080432669
1.8862520411648508e+30,308302334362495.2,7.477723338785402e+16,-61.13998081400798,-73.27541124813426
1.9590498983535007e+30,3.611192384323925e+16,1.1327464392138622e+16,-17.790257633591835,-59.008688415852696
1.4069581073073156e+30,8.415634425606875e+16,4111199947895576.0,56.81421528530234,33.54385715542833
1.575550853021196e+30,8.238204864118494e+16,4.713336732896737e+16,72.18771200834237,51.973040708759015
3.5929710136904096e+29,2.3331453622356132e+16,3.715555331150877e+16,-35.32126763834668,-69.64655377806004
5.98502047795917e+29,6395987825492544.0,1.6110757253052838e+16,19.122514538271957,17.310788064724235
8.898996661034254e+29,6.1089418202721816e+16,8.728151703245072e+16,28.54579835531868,84.65645307038679
9.562294216546939e+29,8.974590873535547e+16,1.846791747287038e+16,36.957360954895535,-42.52916212020115
8.44385677731027e+29,1.7524854141426374e+16,2.323616952119229e+16,39.915104248044884,44.29377504056967
6.0812372884676154e+29,6.152363731118103e+16,3.06727936258661e+16,-18.736231468035115,-86.3966839625419
4.8335615468521925e+29,6064605316540513.0,6.4633915082382744e+16,51.74342189040965,57.989492581516686
1.1292096164375921e+30,9.314219094359317e+16,9.099657747509395e+16,-42.281860344665546,-29.84897026091214
1.359543071981709e+30,6.340034475108165e+16,9.213077087166734e+16,76.33930455135186,23.712944597713246
7.158078737914628e+29,1.047897320621032e+16,5.1944260374702216e+16,92.25935762490275,-14.56688161399289
8.636163275481665e+29,6242668468847351.0,4.577575659871258e+16,71.41783787976235,62.261318190262614
3.8340101534523426e+29,2.963229767741061e+16,4.106241051615802e+16,41.24121173554002,73.64035190666982
2.5708002580518106e+29,6927703706516305.0,1.6003778407120882e+16,-31.28961496612348,8.268305014313
3.742443079105857e+29,5483839442073767.0,8.543266813635082e+16,-58.826343499688896,4.460672693137454
7.634381560986504e+29,5.715098886242678e+16,8.608326212498229e+16,90.3677750804095,-98.8738771866702
1.909334112939031e+29,3.913386124583192e+16,1094220552626659.5,-36.64163104155873,29.432472353010894
7.61436964313516e+29,4.806780185814575e+16,4.1022228143807336e+16,35.10852153806485,-98.88222799065286
